深井 きい子	2806	false	Qui qui sequi velit aut suscipit occaecati beatae.
樹咲 重隆	6999	false	Reiciendis maxime necessitatibus assumenda dolore non placeat nobis occaecati.
高浪 巌	8958	false	Doloremque laborum quam dignissimos sit et aliquid.
ガルブレヒト 清信	6928	true	Hic officia sapiente voluptas ut atque odit quos dignissimos.
日高 貞春	5957	false	Quis excepturi voluptate ipsam.
横川 玄随	2766	false	Et aspernatur rerum ea repellat non et veritatis.
森越 しずこ	4558	false	Quidem est consequatur veniam porro.
新居 広正	3487	true	Quae possimus et et quasi expedita.
カマチョ 荘司	4084	true	Dolores tenetur quis accusantium illo.
織田 里治	8403	false	Illum harum quis ratione odio minus expedita eum.
ハフィントン 孝浩	3496	false	Quae culpa dolorem autem earum est ratione labore repudiandae.
下城野 謙也	7736	false	Sed doloribus velit ad quia error in consequatur.
猪 美希	3741	true	Earum repudiandae qui enim.
清原 ノエル	3687	false	Voluptas et doloremque dolor.
矢賀 外茂雄	5814	true	Fugit at facilis tenetur.
山埜井 義胤	3542	false	Dolorem voluptatem ea numquam qui.
富澤 季暉	4775	true	Libero quod sed neque illo ea vero et et.
岩見沢 春光	1570	true	Quisquam quia ad reiciendis distinctio dolorem dolores.
秋尾 理世	6707	false	Atque voluptas est inventore ut mollitia ea hic explicabo.
小指 出	2662	false	Omnis sed dolores reprehenderit ea non quod quibusdam quos.
綱川 フタバ	2362	false	Necessitatibus veritatis perspiciatis velit officiis voluptas omnis aliquam fuga.
桃谷 計雄	8494	false	Aliquid omnis est et.
小笹 賀子	2763	true	Molestiae aliquid expedita quaerat necessitatibus.
山菅 しめ子	8849	false	Deleniti qui voluptatem soluta.
永浦 虎明	1186	true	Eos architecto et deserunt.
江川 じゅん子	5218	true	Quasi provident veritatis eligendi cupiditate architecto accusamus minus.
大下 敦士	6507	true	Labore vel delectus illo sed asperiores.
国生 雪江	9274	false	Dolor dignissimos harum esse consequatur.
広藤 章	6945	true	Accusamus a autem aliquam.
高館 サツ子	3131	false	Officiis omnis perspiciatis cumque tenetur qui.
白川 ザキ	8990	true	Provident non iure et rerum ipsa voluptates.
大見 守康	9148	true	Fugit enim inventore accusantium iste qui ipsa quibusdam reiciendis.
植芝 賢	9270	false	Rerum itaque veniam ad et.
三橋 経雄	2204	false	Neque excepturi omnis accusantium.
谷川 天来	5801	true	Nostrum iste aut ad expedita aliquam et magnam nihil.
リー 総一朗	5501	true	Voluptatem facilis aut voluptas eos.
天竺 晟	1577	false	Et animi id voluptatibus.
香取 作雄	5407	true	Quasi corporis aut fuga in eos.
飯星 ひろみ	9452	false	Ipsam vel ut laudantium est qui nemo necessitatibus.
下郷 昭輔	2950	false	Veritatis dolores soluta distinctio vel non.
小園 悟堂	2524	true	Cum ratione sed ut corporis quia velit ea.
磯江 吉信	1544	true	Error voluptas fugit enim.
中沢 ジョンイル	1347	false	Non magni ab aliquid.
天童 サン	1198	false	Corporis aperiam et hic consequatur fuga quibusdam minus saepe.
ラマポーサ 重蔵	7996	false	Optio quae id nemo ut amet et beatae non.
城 和幸	3041	true	Omnis nesciunt quo neque.
久松 節美	5910	true	Sit autem ipsa temporibus ratione soluta vitae.
八丈 雅	2354	false	Explicabo sit commodi et.
月形 瑛子	2288	false	Quia quasi rerum sunt quia sint.
渡守 友子	5397	false	Et corrupti omnis voluptatum tempore voluptatem.
都 克正	8471	true	Minima sunt facere maiores recusandae explicabo temporibus ipsa possimus.
川林 弘太郎	8360	true	Quidem temporibus molestiae blanditiis eius doloremque.
クエイド 九朗右衛門	9271	true	Dicta repellendus eius et doloribus aut saepe.
乞田 通文	7040	false	Et et iure totam.
紅林 巨泉	7649	false	Ea repellendus nobis ipsam et repellat inventore voluptas.
西富 喜久恵	5680	false	Dicta sequi quidem dolor deserunt est.
宮鍋 之総	3847	true	Similique sit velit est rem consequatur soluta.
國吉 央	8888	false	Ut maiores architecto iste qui nemo sit eveniet.
金剛寺 藤蔭	5999	true	Nulla praesentium quaerat libero.
北住 秀造	6832	true	Tenetur aut facilis eius.
瀧口 毅堂	7076	true	Rerum non iure saepe placeat omnis dolorem.
支倉 美惠子	3212	false	Saepe qui alias consectetur et ducimus.
島本 花外	6371	true	Et quae aut et dignissimos velit.
田野浦 常成	5228	false	Vel voluptas aperiam suscipit.
歌志内 博仁	4534	true	Eos aut magni explicabo eius voluptatem velit excepturi reprehenderit.
宅間 立子	3285	false	Quae aut sit nulla.
貴船 博繁	7985	true	Earum perspiciatis aut libero at iusto eveniet qui distinctio.
播磨谷 守司	5935	false	Molestias sed et quas dolores blanditiis.
下石神井 北山	9823	true	Blanditiis porro soluta ex deleniti eius autem.
榎森 邦花	2873	false	Sed saepe omnis sunt est enim doloremque reprehenderit dolores.
竹久 哲二	4845	true	Consequatur voluptatem voluptas saepe aut commodi.
タケウチ 勝憲	1255	true	Debitis molestias qui iure quisquam tempore qui magnam.
伊関 諭美	7133	false	Possimus mollitia aliquid omnis odio aut error.
並河 レオナ	2157	true	Quia natus reiciendis quis aperiam consequatur sed tempore.
関根 芳賀	8337	false	Nisi ipsam voluptatem nobis quia.
若森 大雅	5970	true	Neque non consequatur consequatur accusamus eum reprehenderit.
ムーサ 輝虎	5552	true	Rerum non dignissimos cupiditate ut et dicta culpa suscipit.
パウエル 若水	3555	false	Dolorum laudantium autem magnam ut facilis aut dicta quidem.
クラーク ふみえ	3266	true	Quos et rerum molestiae provident veniam tempore magnam.
小川原 湘南	2736	true	Qui rem officia distinctio similique vitae possimus minima ut.
加藤 雲来	3640	true	Necessitatibus non voluptate harum quae temporibus eligendi vero officiis.
岡崎 隆寿	4018	true	Hic quo dolor est veritatis.
小部 忠篤	2195	false	Soluta dolorem quia reprehenderit magni quaerat.
中条 徳夫	4466	true	Molestiae soluta dolore omnis cum autem eum natus quia.
桐野 満	9910	false	Magni omnis nihil aut dolores qui.
松山 則休	7091	true	Mollitia ipsa exercitationem est.
二井 英幸	1302	false	Officia et aut facilis.
秋葉 幸紀	5813	true	Ut aut quis et aliquid voluptas similique placeat.
富士塚 喜久榮	1409	true	Sunt eos minima facere molestias est reprehenderit.
綱島 冨士夫	3550	true	Laudantium sint qui voluptatum ut consequatur.
三国 紀明	9457	false	Minus qui et quia reprehenderit blanditiis consectetur sequi.
輪 美津男	8506	false	Et omnis odit quia qui repellendus.
標葉 英雄	2026	false	Facere quis sunt quia repellat fugiat sed.
リツマ 武鑓	4971	false	Et id est cumque nulla.
真鍋 操男	1015	false	Consequatur ab voluptatem eum.
柏熊 忠篤	5904	false	Placeat et vel aliquam ullam voluptas dolorem assumenda.
寺脇 謙之助	9180	false	Et fuga quas illum officia.
高世 康朗	9465	true	Qui inventore dolores ullam dolores quisquam aut officiis.
ジャンセン 経久	9170	true	Autem necessitatibus in ad sed eveniet.
池嶋 礼子	3695	true	Veniam mollitia vitae quibusdam.
降籏 茂治	9630	false	Earum voluptatem ea ex iusto sint.
梅林 佐之助	6235	false	Eligendi id officiis provident numquam beatae nobis reiciendis.
古小高 まりあ	8851	true	Architecto dolorum magni at enim asperiores.
神田 香以	4881	false	Tempora qui eveniet reiciendis harum quia consequatur facere.
田高 正由	8005	false	Aut consequatur similique amet esse architecto molestiae laborum.
川崎 元彦	6261	false	Similique aspernatur ex expedita quis distinctio et quam inventore.
楠元 ふく江	1932	true	Quos laudantium excepturi occaecati voluptatibus.
鳴水 由美絵	5499	false	Facere iusto magni itaque aut.
北松 亀一	2725	true	Ut at quo incidunt sunt magnam est.
藤田 美由	6472	true	Est officiis iure mollitia ut tenetur reiciendis qui.
森長 秀雅	4724	false	Commodi temporibus quidem itaque pariatur dolores adipisci.
アリスティド 翫之	6382	true	Repellendus nobis qui nemo maxime eos nesciunt dicta facilis.
港谷 俊充	2114	true	Sunt molestias quia consequatur.
パルメ 伸江	7864	false	Ipsa id voluptatem amet aperiam.
家内 直歩子	8998	true	Aut dolor vel officia eos odit consequatur quibusdam.
新倉 サキ子	5332	true	Unde ut facilis deleniti reiciendis delectus et.
玉河 ちよ	9214	true	Voluptatem quae sit nemo voluptatibus non quasi ipsam.
ベススメルトヌイフ 真夜	2451	false	Doloremque autem a voluptatibus est molestias dolores.
宮前 基次郎	5103	false	Perferendis excepturi ut incidunt.
巣鴨 武良	3512	false	Ratione itaque ad enim fuga asperiores facere et.
下土棚 礼緒奈	9102	true	Qui minus deleniti doloremque soluta animi sed quod est.
小田内 志げ	1416	false	Laboriosam delectus voluptatum cupiditate sunt earum.
高倉 勘平	9478	false	Tempore commodi minus saepe similique blanditiis non soluta.
目白 愿	6249	false	Ex voluptatem labore eius.
上到津 行夫	1124	false	Ipsum quis in molestiae.
石狩 秋竹	3634	true	Impedit aut iusto cum doloremque beatae ex debitis.
嶺井 健彰	5406	true	Non est nihil atque consequuntur.
生坂 晶彦	8435	false	Eius rem iusto asperiores.
滝瀬 美津夫	3234	true	Vero deleniti eos hic.
長野原 米斎	8632	false	Fugit sint ipsa earum ullam in autem quis.
二村 ツイ子	2283	true	Voluptates ut facere voluptatem deserunt expedita.
広山 匡介	7071	false	Magni est in sed voluptate quia dolores dolor.
勝 静谷	4020	false	Ut cumque laboriosam error deleniti eos excepturi suscipit.
キース 純枝	7542	false	Accusantium natus eveniet dicta nemo et et.
嶋村 退助	1828	true	Voluptatem sed et quia.
守田 芭蕉	9972	false	Suscipit dolores voluptatem aperiam modi eius ut.
石江 俊枝	8375	true	Odit est perferendis nulla corrupti adipisci.
紀国屋 友平	6504	true	Quia architecto quasi quia amet in impedit.
黒澤 竜蔵	6118	false	Sed nisi provident quia placeat ab possimus et laboriosam.
室賀 隆志	3281	true	Autem odit assumenda cum est.
坂爪 福助	9297	true	Ipsam ipsa placeat possimus aut voluptate exercitationem sed.
名児耶 登美枝	4041	false	Necessitatibus omnis ea quasi atque facere.
米内 与三	6198	true	Quaerat sunt aut ea cupiditate.
二関 真梨子	5164	true	Debitis aliquam et eum sunt amet dolorem.
野付 義彰	3833	true	Deserunt facilis ducimus sit inventore a aperiam rem officiis.
坂和 八十八	9589	true	Cum harum repellendus ut sed sint.
成町 照泰	3299	true	Dolores eveniet voluptate esse minus similique omnis quasi occaecati.
宝田 光瑩	5677	true	Nesciunt eum molestiae quo omnis eligendi.
重原 延造	3581	true	Voluptatem vero sed repellat et consequuntur quas debitis.
桧原 小梨絵	8783	false	Officia necessitatibus ut qui sit soluta.
割石 晃代	8441	false	Porro temporibus voluptatem voluptates et ab aperiam ut.
亀戸 通庸	8620	false	Omnis rerum qui autem.
平谷 けいぞう	9983	false	Nihil alias ducimus voluptatibus non.
曾於 とみ江	4693	true	Amet dolor non odio quam exercitationem.
根坂間 宗治	4834	true	At hic aut eum eius est.
野川 佐江子	4294	true	Sit fuga alias quos quibusdam.
フロイド 良徳	8281	true	Molestias et consequuntur iure mollitia.
竜 俊秀	1695	true	Voluptatum maiores fuga error veritatis dolor ut voluptatem ducimus.
桧原 碧梧桐	5246	true	Quam rerum rerum sit maiores et omnis.
坪内 俊道	5675	true	Vero sed maxime ut debitis non est.
河沼 美多奈	2862	false	Aut illo delectus mollitia eius sunt est voluptatem.
高岸 一幸	2901	false	Nesciunt laudantium et error.
高好 彰	9499	true	Et numquam asperiores eum dolorem aliquid incidunt omnis repellendus.
立田 広人	7547	false	Non facilis et qui dolores veritatis deserunt.
石上 千代次	1847	false	Voluptate laudantium aspernatur quo.
萩園 妹津子	8029	true	Voluptas consequuntur deleniti qui.
寺島 瓜人	8897	true	Natus consequatur totam fugiat velit recusandae voluptatem.
九重 定美	9664	true	Doloremque et aspernatur temporibus aut iste enim.
総和 我童	2114	true	Iusto delectus fuga quam hic maiores.
川田 のぶ	5182	false	Voluptatem nihil nam maxime accusantium.
鷹嘴 広喜	7884	true	Rerum ut voluptatem consequatur est amet.
ハイデン 義邦	7844	true	Modi tempore quod dolorum.
小台 有道	6902	false	Fuga ut ex perferendis deleniti omnis.
鮫島 静二	1644	false	Ipsum nisi tempore quasi a quos labore quia qui.
西野川 夕蔵	4850	false	Fuga sunt rerum cupiditate ut.
岩島 平次	8671	true	Eaque accusantium perferendis quia ex quo.
一柳 信太郎	4439	false	Natus nulla distinctio corrupti excepturi qui harum eum consequatur.
大崎 光寛	3527	true	Veniam labore voluptatem ut dicta similique.
楠原 典和	3599	true	Et occaecati ipsum et doloribus voluptates dolor quibusdam.
鶴水 ドミニク	8693	false	Ea illo aliquam non voluptas est rerum qui.
保高 勝守	3637	true	Quod consequatur dicta quia deserunt.
金剛寺 治樹	6758	false	Quia optio velit harum quam.
白谷 春嶽	9927	true	Ut error omnis aut sed.
雨野 真生子	9163	true	Architecto at iste accusamus consequuntur dolorem libero.
半井 貴久	3301	false	Consequatur quibusdam ipsum rerum.
柴崎 直定	8016	true	Doloribus consequatur ea sit.
香住 重頼	8895	true	Qui omnis ea cum.
久門 隆廣	8305	true	Suscipit quidem dolor illo cupiditate ullam excepturi ea.
錦織 朋弘	4287	false	Cum ut velit aut.
中頚城 ナツエ	8687	false	Ea aut et repellendus ratione a expedita.
森屋 一八	7866	false	Incidunt quas a et quo quis et est.
ケーニヒ 忠勝	4239	true	Architecto corporis in dolor.
比佐野 隆吉	1650	false	Eos sit praesentium consequuntur et officia dolorem aut.
コロンブス 秋則	8351	false	Eos asperiores libero eveniet consequatur accusantium.
川真田 光希	1142	true	Doloremque est iusto labore voluptas eveniet.
岩立 直之	3093	false	Architecto ut doloribus aliquid ex.
菅波 ユキコ	9261	true	Provident id facilis dolorem iure quo voluptas.
水樹 忠則	6707	false	Est similique iste suscipit aut voluptatem et.
ナイチンゲール 健夫	9749	false	Enim qui nisi nobis.
松盛 莫哀	2149	false	Aut nobis ducimus cumque dolores nesciunt voluptas deleniti.
